address,amount
0x924CF7da1ecec313471ea16E8C58a3141f094546,100
0xe8bdfda494fea37ba819de817bfc63bfeffebb1d,200
0x04a2cf1a0654385a8a28f2112badda9ecfde330f,300
0xc8369d45e0b9f07850857a0df1324d1e4727a431,400
0x2dddeb3ce8ffc6833d4496bb7ee798074b57c07e,500
0xda9a3dace56a5d49ead697162f7cfdbda2c10aae,600
0x6750f4d8e7e746d148e1594aed5c9ece9109a871,700
0xf1cf393d9b5a70bbb1e3e4218c5ac620d90c3d7b,800
0x178993de10c142beca8d3903ce89ff28e1e847c2,900
0x68435ce3f51670488e3093d9f8b47b13adfe633b,1000
0x3fb858d5d127b7812b6f5c94578a0503685ec5cf,1100
